{
  "kfold_cv": {
    "n_folds": 5,
    "strategy": "StratifiedKFold",
    "results": {
      "Complement NB (TF-IDF)": {
        "f1_macro_per_fold": [
          0.8633320083817688,
          0.8650271461468708,
          0.863096143880838,
          0.8599967714248359,
          0.863164953195786
        ],
        "f1_macro_mean": 0.8629234046060198,
        "f1_macro_std": 0.0016276395099497944,
        "precision_macro_mean": 0.8287279826468904,
        "recall_macro_mean": 0.9164980868761585
      },
      "Decision Tree (TF-IDF)": {
        "f1_macro_per_fold": [
          0.7058101954527125,
          0.7127898095052336,
          0.708924698847812,
          0.702842152420795,
          0.7084358329262466
        ],
        "f1_macro_mean": 0.7077605378305598,
        "f1_macro_std": 0.003319614988152675,
        "precision_macro_mean": 0.6872259391557705,
        "recall_macro_mean": 0.801046948164639
      },
      "MLP (TF-IDF)": {
        "f1_macro_per_fold": [
          0.8873919633508025,
          0.8919805358179129,
          0.8892039514713087,
          0.8877940011944567,
          0.889107315533269
        ],
        "f1_macro_mean": 0.8890955534735501,
        "f1_macro_std": 0.0016081834000379706,
        "precision_macro_mean": 0.9058299848676998,
        "recall_macro_mean": 0.8745474827721538
      }
    }
  }
}