{
  "DT + BOW": {
    "accuracy": 0.8296875429388002,
    "precision": 0.7143656379740355,
    "recall": 0.8118372186932434,
    "f1": 0.741922635773129,
    "confusion_matrix": [
      [
        8971,
        2445
      ],
      [
        9950,
        51412
      ]
    ]
  },
  "DT + N-Gram": {
    "accuracy": 0.8385775921294897,
    "precision": 0.7235780111618861,
    "recall": 0.8193194995101502,
    "f1": 0.7522276586610412,
    "confusion_matrix": [
      [
        9033,
        2383
      ],
      [
        9365,
        51997
      ]
    ]
  },
  "DT + TF-IDF": {
    "accuracy": 0.8194921542224298,
    "precision": 0.7058572598423876,
    "recall": 0.8082866184173798,
    "f1": 0.7321506875452091,
    "confusion_matrix": [
      [
        9041,
        2375
      ],
      [
        10762,
        50600
      ]
    ]
  },
  "NB + BOW": {
    "accuracy": 0.9017285443403227,
    "precision": 0.8053206066500915,
    "recall": 0.8929539468089779,
    "f1": 0.8385348207136956,
    "confusion_matrix": [
      [
        10048,
        1368
      ],
      [
        5784,
        55578
      ]
    ]
  },
  "NB + N-Gram": {
    "accuracy": 0.9086674544505208,
    "precision": 0.8155092920518521,
    "recall": 0.9061595735573791,
    "f1": 0.8499570060951167,
    "confusion_matrix": [
      [
        10303,
        1113
      ],
      [
        5534,
        55828
      ]
    ]
  },
  "NB + TF-IDF": {
    "accuracy": 0.891148423974278,
    "precision": 0.7903814246891898,
    "recall": 0.8857171604827367,
    "f1": 0.8246693332468151,
    "confusion_matrix": [
      [
        10021,
        1395
      ],
      [
        6527,
        54835
      ]
    ]
  }
}