{
  "GloVe + MLP": {
    "accuracy": 0.8894583527989227,
    "precision": 0.8148820940986103,
    "recall": 0.7238273074600633,
    "f1": 0.757167324805504,
    "confusion_matrix": [
      [
        5508,
        5908
      ],
      [
        2137,
        59225
      ]
    ]
  },
  "Word2Vec + MLP": {
    "accuracy": 0.9476627552282283,
    "precision": 0.9088580520810008,
    "recall": 0.8892142453550377,
    "f1": 0.8986490734193693,
    "confusion_matrix": [
      [
        9179,
        2237
      ],
      [
        1572,
        59790
      ]
    ]
  }
}